{
  "growth": {
    "henrici": 0.997369717868374,
    "curvature": 3.6866694240376026,
    "transient_growth": 12.389955583730474
  },
  "no_growth": {
    "henrici": 0.13467053400879436,
    "curvature": 0.12122650975995435,
    "transient_growth": 1.0
  },
  "normal": {
    "henrici": 0.0,
    "curvature": 0.0,
    "transient_growth": 130.25728817601336
  }
}