{
  "A_42": {
    "loss": 3.935783362388611,
    "perplexity": 51.20224416275007,
    "ece": 0.009274618859384583,
    "conf_on_errors": "0.2260004",
    "high_conf_error_frac": 0.012148660241207044
  },
  "A_123": {
    "loss": 3.9415305773417155,
    "perplexity": 51.49736170569021,
    "ece": 0.009511178147559075,
    "conf_on_errors": "0.2269156",
    "high_conf_error_frac": 0.01230205223175479
  },
  "A_456": {
    "loss": 3.930611268679301,
    "perplexity": 50.93810502282743,
    "ece": 0.009026604820700267,
    "conf_on_errors": "0.22663943",
    "high_conf_error_frac": 0.012086802927075448
  },
  "B_42": {
    "loss": 3.914065408706665,
    "perplexity": 50.10222452023854,
    "ece": 0.008708446508918716,
    "conf_on_errors": "0.23030697",
    "high_conf_error_frac": 0.013458155235597107
  },
  "B_123": {
    "loss": 3.9079772075017294,
    "perplexity": 49.79811876439538,
    "ece": 0.00958676188599829,
    "conf_on_errors": "0.23292133",
    "high_conf_error_frac": 0.012572037202579074
  },
  "B_456": {
    "loss": 3.903858455022176,
    "perplexity": 49.59343445062726,
    "ece": 0.00925685492995518,
    "conf_on_errors": "0.22897105",
    "high_conf_error_frac": 0.013278920904924453
  },
  "C_42": {
    "loss": 3.9172574520111083,
    "perplexity": 50.26240851166334,
    "ece": 0.013706629759345959,
    "conf_on_errors": "0.23998572",
    "high_conf_error_frac": 0.013053820050109416
  }
}